name,amount
Ali,110.00000000000001
Sara,220.00000000000003
Umer,165.0
